Name,Type,Rating,address,Open Hour,Close Hour,latitude,longitude,image
국립광주박물관 (Gwangju National Museum),museum,4.6,"광주 북구 하서로 110 (매곡동) (110, Haseo -ro, Buk -gu, Gwangju (Maegok -dong))",10,18,35.1890184,126.8830723,https://media-cdn.tripadvisor.com/media/photo-w/17/63/b4/6d/photo0jpg.jpg
광주시립미술관 (Gwangju Museum of Art),museum,4.6,"광주 북구 하서로 52 (운암동) (52, Haseo -ro, Buk -gu, Gwangju (Unam -dong))",10,18,35.1550306,126.888523389895,https://media-cdn.tripadvisor.com/media/photo-w/17/63/b4/6d/photo0jpg.jpg
광주역사민속박물관 (Gwangju History Folk Museum),museum,3.5,"광주 북구 서하로 48-25 (용봉동) (48-25, Seoha-ro, Buk-gu, Gwangju (Yongbong-dong))",9,17,35.1796,126.8898,https://media-cdn.tripadvisor.com/media/photo-w/17/63/b4/6d/photo0jpg.jpg
쌍암공원 (Ssangam Park),park,4.4,"광주 광산구 첨단중앙로182번길 39 (쌍암동) (39, 182beon -gil, Gwangsan -gu, Gwangju -gu (Ssangam -dong))",0,24,35.223701,126.843070904359,https://media-cdn.tripadvisor.com/media/photo-w/17/63/b4/6d/photo0jpg.jpg
응암공원 (Eungam Park),park,4.3,광주 광산구 임방울대로 673-12 (월계동) (673-12 (Wolgye-dong)),0,24,35.21755255,126.833089188582,https://media-cdn.tripadvisor.com/media/photo-w/17/63/b4/6d/photo0jpg.jpg
광주어린이교통공원 (Gwangju Children's Transportation Park),park,5,광주 북구 임방울대로 877 (오룡동) (877 (Oryong -dong)),9,18,35.2187615,126.855383552796,https://media-cdn.tripadvisor.com/media/photo-w/17/63/b4/6d/photo0jpg.jpg
첨단생활체육공원 (Advanced Living Sports Park),park,5,광주 광산구 첨단강변로 94 (쌍암동) (94 (Ssangam -dong) 94 (Ssangam -dong)),0,24,35.2100351,126.8515849,https://media-cdn.tripadvisor.com/media/photo-w/17/63/b4/6d/photo0jpg.jpg
광주시민의숲 (Gwangju Citizen's Forest),park,4.7,"광주 북구 추암로 190 (월출동) (190 Chuam -ro, Buk -gu, Gwangju)",0,24,35.1603,126.8514,https://media-cdn.tripadvisor.com/media/photo-w/17/63/b4/6d/photo0jpg.jpg
양산호수공원 (Yangsan Lake Park),park,4.8,"광주 북구 하서로 309 (양산동) (309, Haseo -ro, Buk -gu, Gwangju (Yangsan -dong))",0,24,35.20337515,126.872324564189,https://media-cdn.tripadvisor.com/media/photo-w/17/63/b4/6d/photo0jpg.jpg
무양공원 (Muyang Park),park,5,"광주 광산구 산월로21번길 42 (월계동) (42, Sanwol -ro 21beon -gil, Gwangju -gu, Gwangju (Wolgye -dong))",0,24,35.2105475,126.840694275133,https://media-cdn.tripadvisor.com/media/photo-w/17/63/b4/6d/photo0jpg.jpg
우리들어린이공원 (Our children's park),park,4.7,"광주 광산구 월계동 815-1 (815-1 Wolgye-dong, Gwangsan-gu, Gwangju)",0,24,35.2125264,126.837632394017,https://media-cdn.tripadvisor.com/media/photo-w/17/63/b4/6d/photo0jpg.jpg
봉산근린공원 (Bongsan Neighborhood Park),park,4.7,"광주 광산구 월계동 산 20-2 (20-2, Wolgye-dong, Gwangsan-gu, Gwangju)",0,24,35.1446,126.8471,https://media-cdn.tripadvisor.com/media/photo-w/17/63/b4/6d/photo0jpg.jpg
장고분어린이공원 (Django Children's Park),park,4.7,"광주 광산구 월계동 824-1 (824-1 Wolgye-dong, Gwangsan-gu, Gwangju)",0,24,35.1699,126.9053,https://media-cdn.tripadvisor.com/media/photo-w/17/63/b4/6d/photo0jpg.jpg
안청공원 (Ancheong Park),park,5,"광주 광산구 하남산단9번로 62 (안청동) (62, 62, Hanam Industrial Complex, Gwangsan -gu, Gwangju -gu (Ancheong -dong))",0,24,35.2123021,126.802926952192,https://media-cdn.tripadvisor.com/media/photo-w/17/63/b4/6d/photo0jpg.jpg
신용빛고을근린공원 (Sinyong Riverside Neighborhood Park),park,3.7,"광주 북구 신용동 680 (680, Shin Yong -dong, Buk -gu, Gwangju)",0,24,35.2145,126.8493,https://media-cdn.tripadvisor.com/media/photo-w/17/63/b4/6d/photo0jpg.jpg
라온어린이공원 (Raon Children's Park),park,1,"광주 광산구 산월동 882-2 (882-2, Sanwol-dong, Gwangju-gu, Gwangju)",0,24,35.2256,126.8548,https://media-cdn.tripadvisor.com/media/photo-w/17/63/b4/6d/photo0jpg.jpg
우치공원 (Uchi Park),park,4.7,"광주 북구 우치로 677 (생용동) (677 Uchi -ro, Buk -gu, Gwangju)",9,18,35.22577685,126.89676579876,https://media-cdn.tripadvisor.com/media/photo-w/17/63/b4/6d/photo0jpg.jpg
도담어린이공원 (Dodam Children's Park),park,4.7,"광주 광산구 월계동 789-1 (789-1 Wolgye-dong, Gwangsan-gu, Gwangju)",0,24,36.778489,127.002650578369,https://media-cdn.tripadvisor.com/media/photo-w/17/63/b4/6d/photo0jpg.jpg
월계1공원 (Wolye 1 Park),park,4.7,"광주 광산구 월계동 (Wolgye -dong, Gwangsan -gu, Gwangju)",0,24,37.6224578,127.054698466791,https://media-cdn.tripadvisor.com/media/photo-w/17/63/b4/6d/photo0jpg.jpg
첨단강변어린이공원 (Cheomdan Riverside Children’s Park),park,4.7,"광주 광산구 산월동 883-3 (883-3, Sanwol-dong, Gwangju-gu, Gwangju)",0,24,35.2269,126.8441,https://media-cdn.tripadvisor.com/media/photo-w/17/63/b4/6d/photo0jpg.jpg
역사문화공원 (Historical Culture Park),park,4.7,"광주 광산구 장신로 337 (신창동) (337, Jangshin -ro, Gwangju -gu, Gwangju (Sinchang -dong))",0,24,35.1958501,126.844864654349,https://media-cdn.tripadvisor.com/media/photo-w/17/63/b4/6d/photo0jpg.jpg
산동교친수공원 (Sandonggyo Waterside Park),park,4.6,"광주 북구 동림동 115-1 (115-1 Donglim-dong, Buk-gu, Gwangju)",0,24,35.2289,126.8466,https://media-cdn.tripadvisor.com/media/photo-w/17/63/b4/6d/photo0jpg.jpg
원당산공원 (Wondangsan Park),park,4.3,"광주 광산구 장덕로96번길 15 (장덕동) (15 Jangdeok -ro 96beon -gil, Gwangju -gu, Gwangju (Jangdeok -dong))",0,24,35.1695,126.9086,https://media-cdn.tripadvisor.com/media/photo-w/17/63/b4/6d/photo0jpg.jpg
신용빛고을근린공원 (Sinyong Riverside Neighborhood Park),park,4.7,"광주 북구 신용동 649 (649 Shin Yong -dong, Buk -gu, Gwangju)",0,24,35.2145,126.8493,https://media-cdn.tripadvisor.com/media/photo-w/17/63/b4/6d/photo0jpg.jpg
아산어린이공원 (Asan Children's Park),park,4.7,"광주 광산구 비아로34번길 52 (비아동) (52, Viaro 34beon -gil, Gwangju -gu, Gwangju (Via -dong))",0,24,35.22210225,126.820804162286,https://media-cdn.tripadvisor.com/media/photo-w/17/63/b4/6d/photo0jpg.jpg
빛뫼어린이공원 (Bitmoe Children's Park),park,1,"광주 광산구 비아로135번길 22-7 (비아동) (22-7, Via-ro 135beon-gil, Gwangju-gu, Gwangju-gu (Via-dong))",0,24,35.2236626,126.819227815582,https://media-cdn.tripadvisor.com/media/photo-w/17/63/b4/6d/photo0jpg.jpg
양산체육공원 (Yangsan Sports Park),park,5,"광주 북구 첨단연신로29번길 23 (연제동) (23, Buk -gu, Gwangju, 23, Yeonje -ro 29beon -gil (Yeonje -dong))",0,24,35.1938,126.8601,https://media-cdn.tripadvisor.com/media/photo-w/17/63/b4/6d/photo0jpg.jpg
수완호수공원 (Suwan Lake Park),park,4.1,"광주 광산구 장덕동 (Jangdeok -dong, Gwangsan -gu, Gwangju)",0,24,35.1882918,126.820972057002,https://media-cdn.tripadvisor.com/media/photo-w/17/63/b4/6d/photo0jpg.jpg
꽃밭등어린이공원 (Children's park),park,4.7,"광주 광산구 비아로62번길 56-24 (비아동) (56-24, 62beon-gil, Gwangsan-gu, Gwangju-gu (Viadong))",0,24,35.22183645,126.818880116725,https://media-cdn.tripadvisor.com/media/photo-w/17/63/b4/6d/photo0jpg.jpg
신창 생태휴양공원 (Shinchang Ecological Recreation Park),park,5,"광주 광산구 신창동 1262 (1262 Sinchang -dong, Gwangju -gu, Gwangju)",0,24,35.19386405,126.835616845634,https://media-cdn.tripadvisor.com/media/photo-w/17/63/b4/6d/photo0jpg.jpg
신창 가족공원 (Shinchang Family Park),park,5,"광주 광산구 왕버들로251번길 66 (신창동) (Gwangju Gwangsan -gu, Wang willow 251beon -gil 66 (Sinchang -dong))",0,24,35.1903,126.8186,https://media-cdn.tripadvisor.com/media/photo-w/17/63/b4/6d/photo0jpg.jpg
신용어린이공원 (Shinyong Children’s Park),park,4.7,"광주 북구 신용동 658 (658 Shin Yong -dong, Buk -gu, Gwangju)",0,24,35.21067065,126.858282429771,https://media-cdn.tripadvisor.com/media/photo-w/17/63/b4/6d/photo0jpg.jpg
솔무공원 (Solmu Park),park,4.7,"광주 광산구 장덕동 1112 (1112, Jangdeok -dong, Gwangsan -gu)",0,24,35.19903485,126.816108932095,https://media-cdn.tripadvisor.com/media/photo-w/17/63/b4/6d/photo0jpg.jpg
본촌생태어린이공원 (Bonchon Ecological Earlin Park),park,4.7,"광주 북구 본촌동 2849 (2849, Bonchon -dong, Buk -gu, Gwangju)",0,24,35.21797285,126.879674011026,https://media-cdn.tripadvisor.com/media/photo-w/17/63/b4/6d/photo0jpg.jpg
완동공원 (Wandong Park),park,5,"광주 광산구 수완동 919 (919 Suwan -dong, Gwangju -gu, Gwangju)",0,24,35.199095,126.827384782762,https://media-cdn.tripadvisor.com/media/photo-w/17/63/b4/6d/photo0jpg.jpg
조형어린이공원 (Johyeong Children’s Park),park,4.7,광주 광산구 비아안길 19 (비아동) (Gwangju Mine -gu Via An -gil 19 (Via -dong)),0,24,35.2209232,126.81723351779,https://media-cdn.tripadvisor.com/media/photo-w/17/63/b4/6d/photo0jpg.jpg
고래실공원 (Goresil Park),park,2.5,"광주 광산구 수완로 117 (수완동) (117 Suwan -ro, Gwangju -gu, Gwangju (Suwan -dong))",0,24,35.1960436,126.828625830576,https://media-cdn.tripadvisor.com/media/photo-w/17/63/b4/6d/photo0jpg.jpg
연제근린공원 (Yeonje Neighborhood Park),park,4.7,"광주 북구 연제동 1020 (1020, Yeonje -dong, Buk -gu, Gwangju)",0,24,35.155,126.891,https://media-cdn.tripadvisor.com/media/photo-w/17/63/b4/6d/photo0jpg.jpg
신복어린이공원 (Shinbok Children's Park),park,5,"광주 북구 신용동 670 (670, Shin Yong -dong, Buk -gu, Gwangju)",0,24,35.1574,126.8541,https://media-cdn.tripadvisor.com/media/photo-w/17/63/b4/6d/photo0jpg.jpg
월봉어린이공원 (Wolbong Children's Park),park,1,"광주 광산구 산월동 886-3 (886-3, Sanwol-dong, Gwangju-gu, Gwangju)",0,24,35.1382,126.8891,https://media-cdn.tripadvisor.com/media/photo-w/17/63/b4/6d/photo0jpg.jpg
신평어린이공원 (Shinpyeong Children's Park),park,4.7,"광주 북구 용두동 311-36 (311-36 Yongdu-dong, Buk-gu, Gwangju)",0,24,37.5438206,127.2123735,https://media-cdn.tripadvisor.com/media/photo-w/17/63/b4/6d/photo0jpg.jpg
수문공원 (Sumun Park),park,4,"광주 광산구 수완동 1154 (1154 Suwan -dong, Gwangju -gu, Gwangju)",0,24,35.19679165,126.832638586017,https://media-cdn.tripadvisor.com/media/photo-w/17/63/b4/6d/photo0jpg.jpg
솔솔어린이공원 (Solsol Children's Park),park,4.7,"광주 광산구 신창동 1231 (1231 Sinchang -dong, Gwangju -gu, Gwangju)",0,24,35.19341495,126.83820860488,https://media-cdn.tripadvisor.com/media/photo-w/17/63/b4/6d/photo0jpg.jpg
솟대어린이공원 (Sotdae Children's Park),park,4.7,"광주 광산구 수완동 1299 (1299 Suwan -dong, Gwangju -gu, Gwangju)",0,24,35.172,126.8698,https://media-cdn.tripadvisor.com/media/photo-w/17/63/b4/6d/photo0jpg.jpg
건국어린이공원 (Konkuk Children's Park),park,4.7,"광주 북구 신용동 740 (740, Shin Yong -dong, Buk -gu, Gwangju)",0,24,35.2104991,126.864838893403,https://media-cdn.tripadvisor.com/media/photo-w/17/63/b4/6d/photo0jpg.jpg
본촌산단어린이공원 (Bonchon Industrial Complex Children's Park),park,4.7,"광주 북구 양산동 1090 (1090, Yangsan -dong, Buk -gu, Gwangju)",0,24,35.2055,126.8764,https://media-cdn.tripadvisor.com/media/photo-w/17/63/b4/6d/photo0jpg.jpg
양산달빛어린이공원 (Yangsan Moonlight Children's Park),park,4.7,"광주 북구 양산동 1006 (1006 Yangsan -dong, Buk -gu, Gwangju)",0,24,35.2053,126.8692,https://media-cdn.tripadvisor.com/media/photo-w/17/63/b4/6d/photo0jpg.jpg
용수어린이공원 (Yongsu Children’s Park),park,4.7,"광주 광산구 신창동 1170 (1170 Sinchang -dong, Gwangju -gu, Gwangju)",0,24,35.2275,126.884,https://media-cdn.tripadvisor.com/media/photo-w/17/63/b4/6d/photo0jpg.jpg
효솔어린이공원 (Hyosol Children's Park),park,4.7,"광주 북구 양산동 764 (764, Yangsan -dong, Buk -gu, Gwangju)",0,24,35.2051,126.8572,https://media-cdn.tripadvisor.com/media/photo-w/17/63/b4/6d/photo0jpg.jpg
양지어린이공원 (Yangji Children's Park),park,4.7,"광주 북구 양산동 837 (837, Yangsan -dong, Buk -gu, Gwangju)",0,24,37.5903566,127.089144740768,https://media-cdn.tripadvisor.com/media/photo-w/17/63/b4/6d/photo0jpg.jpg
본촌근린공원 (Bonchon Neighborhood Park),park,5,"광주 북구 양산동 산 119-3 (119-3, Sansan-dong, Buk-gu, Gwangju)",0,24,35.1732,126.8764,https://media-cdn.tripadvisor.com/media/photo-w/17/63/b4/6d/photo0jpg.jpg
초록어린이공원 (Green Children's Park),park,4.7,"광주 광산구 신가동 1031 (1031 Singa -dong, Gwangju -gu, Gwangju)",0,24,37.32300015,127.9418208,https://media-cdn.tripadvisor.com/media/photo-w/17/63/b4/6d/photo0jpg.jpg
가족어린이공원 (Family Children Park),park,4.7,"광주 광산구 신창동 1112 (1112 Sinchang -dong, Gwangju -gu, Gwangju)",0,24,35.2095,126.8418,https://media-cdn.tripadvisor.com/media/photo-w/17/63/b4/6d/photo0jpg.jpg
영산강대상공원 (Yeongsan River Grand Prize Park),park,5,"광주 북구 북문대로272번길 16 (동림동) (16, Bukmun -daero, Buk -gu, Gwangju 16 (Donglim -dong))",0,24,35.1641,126.8512,https://media-cdn.tripadvisor.com/media/photo-w/17/63/b4/6d/photo0jpg.jpg
한새봉농업생태공원 (Hansaebong Agricultural Ecological Park),park,3.7,"광주 북구 일곡동 472 (472 Ilgok -dong, Buk -gu, Gwangju)",0,24,35.1502,126.8893,https://media-cdn.tripadvisor.com/media/photo-w/17/63/b4/6d/photo0jpg.jpg
성덕공원 (Seongdeok Park),park,4.7,"광주 광산구 장덕동 1127 (1127 Jangdeok -dong, Gwangju -gu, Gwangju)",0,24,35.19387095,126.818352014648,https://media-cdn.tripadvisor.com/media/photo-w/17/63/b4/6d/photo0jpg.jpg
부용어린이공원 (Buyong Children's Park),park,4.7,"광주 북구 본촌동 3076 (3076, Bonchon -dong, Buk -gu, Gwangju)",0,24,35.2193,126.8519,https://media-cdn.tripadvisor.com/media/photo-w/17/63/b4/6d/photo0jpg.jpg
생태어린이공원 (Ecological Children's Park),park,4.7,"광주 광산구 신창동 1269 (1269 Sinchang -dong, Gwangju -gu, Gwangju)",0,24,35.1939367,126.834390706648,https://media-cdn.tripadvisor.com/media/photo-w/17/63/b4/6d/photo0jpg.jpg
파란산 (Blue Mountain),mountain,4.5,"광주 광산구 진곡동 (Jingok -dong, Gwangju -gu, Gwangju)",0,24,35.22062,126.78879,https://media-cdn.tripadvisor.com/media/photo-w/17/63/b4/6d/photo0jpg.jpg
운암산 (Unam),mountain,4.8,"광주 북구 동림동 (Donglim -dong, Buk -gu, Gwangju)",0,24,35.4720675,129.1919747,https://media-cdn.tripadvisor.com/media/photo-w/17/63/b4/6d/photo0jpg.jpg
상아산 (Ivory),mountain,4.5,광주 광산구 비아동 (Gwangju Mine -gu Via -dong),0,24,37.4542643,126.7655499,https://media-cdn.tripadvisor.com/media/photo-w/17/63/b4/6d/photo0jpg.jpg
안마산 (Anmasan Mountain),mountain,4.5,"전남 장성군 진원면 진원리 (Jinwon -ri, Jinwon -myeon, Jangseong -gun, Jeollanam -do)",0,24,34.8793639,126.9879528,https://media-cdn.tripadvisor.com/media/photo-w/17/63/b4/6d/photo0jpg.jpg
매곡산 (Maegoksan),mountain,5,"광주 북구 매곡동 산 45 (45 Maegok -dong, Buk -gu, Gwangju)",0,24,36.3275639,128.2547417,https://media-cdn.tripadvisor.com/media/photo-w/17/63/b4/6d/photo0jpg.jpg
삼각산 (Samgaksan Mountain),mountain,5,"광주 북구 장등동 (Jangdeung -dong, Buk -gu, Gwangju)",0,24,37.81494,124.69929,https://media-cdn.tripadvisor.com/media/photo-w/17/63/b4/6d/photo0jpg.jpg
어등산 (Eodeungsan Mountain),mountain,4.5,"광주 광산구 등임동 (Gwangju Mine -gu, Daedim -dong)",0,24,35.1772261,126.7702235,https://media-cdn.tripadvisor.com/media/photo-w/17/63/b4/6d/photo0jpg.jpg
불태산 (Buddhism),mountain,4.5,"전남 담양군 대전면 서옥리 (Seook -ri, Daejeon -myeon, Damyang -gun, Jeollanam -do)",0,24,35.2944815,126.8443653,https://media-cdn.tripadvisor.com/media/photo-w/17/63/b4/6d/photo0jpg.jpg
대마산 (Daemasan),mountain,5,"광주 북구 동림동 산 119 (119, Donglim -dong, Buk -gu, Gwangju)",0,24,36.8956245,128.6426251,https://media-cdn.tripadvisor.com/media/photo-w/17/63/b4/6d/photo0jpg.jpg
정광산 (Jeonggwangsan),mountain,4.5,"광주 광산구 고룡동 산 76-1 (76-1, Koyong-dong, Gwangju-gu, Gwangju)",0,24,35.0772694,126.8920417,https://media-cdn.tripadvisor.com/media/photo-w/17/63/b4/6d/photo0jpg.jpg
팔랑산 (Palangsan),mountain,4.5,"광주 광산구 신룡동 산 27-2 (27-2 Sanryong-dong, Gwangju, Gwangju)",0,24,35.2161917,126.7767556,https://media-cdn.tripadvisor.com/media/photo-w/17/63/b4/6d/photo0jpg.jpg
백석산 (Baekseoksan),mountain,5,"광주 서구 쌍촌동 (Ssangchon -dong, Seo -gu, Gwangju)",0,24,34.9411194,128.5185083,https://media-cdn.tripadvisor.com/media/photo-w/17/63/b4/6d/photo0jpg.jpg
제봉산 (Bongbongsan Mountain),mountain,4.5,"전남 장성군 장성읍 영천리 산 183-210 (183-210, Yeongcheon-ri, Jangseong-eup, Jangseong-gun, Jeollanam-do)",0,24,34.966675,126.7043472,https://media-cdn.tripadvisor.com/media/photo-w/17/63/b4/6d/photo0jpg.jpg
소락산 (Soraksan),mountain,4.5,"전남 담양군 봉산면 양지리 (Yangji -ri, Bongsan -myeon, Damyang -gun, Jeonnam)",0,24,35.25064,126.93807,https://media-cdn.tripadvisor.com/media/photo-w/17/63/b4/6d/photo0jpg.jpg
판사등산 (Pansadongsan),mountain,4.5,"광주 광산구 광산동 산 134 (134, Gwangsan -dong, Gwangsan -gu, Gwangju)",0,24,35.2368722,126.7538583,https://media-cdn.tripadvisor.com/media/photo-w/17/63/b4/6d/photo0jpg.jpg
백년산 (Baeknyeonsan Mountain),mountain,4.5,"광주 광산구 광산동 (Gwangsan -gu, Gwangju -gu, Gwangju)",0,24,38.8974429,126.9414731,https://media-cdn.tripadvisor.com/media/photo-w/17/63/b4/6d/photo0jpg.jpg
봉형산 (Bonghyeongsan Mountain),mountain,4.5,"전남 장성군 장성읍 영천리 (Yeongcheon -ri, Jangseong -eup, Jangseong -gun, Jeollanam -do)",0,24,35.29002,126.79916,https://media-cdn.tripadvisor.com/media/photo-w/17/63/b4/6d/photo0jpg.jpg
쪽박등산 (Jjokbak ),mountain,4.5,"전남 장성군 황룡면 와룡리 99 (99 Waryong -ri, Hwangryong -myeon, Jangseong -gun, Jeonnam)",0,24,35.25834,126.76136,https://media-cdn.tripadvisor.com/media/photo-w/17/63/b4/6d/photo0jpg.jpg
송선암씨산 (Songseonam),mountain,4.5,"광주 북구 장등동 (Jangdeung -dong, Buk -gu, Gwangju)",0,24,35.22021,126.9279,https://media-cdn.tripadvisor.com/media/photo-w/17/63/b4/6d/photo0jpg.jpg
말미산 (Malmisan Mountain),mountain,4.8,"광주 광산구 우산동 (Usan -dong, Gwangju -gu, Gwangju)",0,24,37.28949,128.74648,https://media-cdn.tripadvisor.com/media/photo-w/17/63/b4/6d/photo0jpg.jpg
와우산 (Wow Mountain),mountain,4.5,"전남 장성군 황룡면 옥정리 산 48 (San 48, Okjeong -ri, Hwangryong -myeon, Jangseong -gun, Jeollanam -do)",0,24,34.71366,127.77314,https://media-cdn.tripadvisor.com/media/photo-w/17/63/b4/6d/photo0jpg.jpg
별태산 (Byeoltaesan Mountain),mountain,4.5,"광주 북구 장등동 (Jangdeung -dong, Buk -gu, Gwangju)",0,24,35.2071,126.8312,https://media-cdn.tripadvisor.com/media/photo-w/17/63/b4/6d/photo0jpg.jpg
병풍산 (Byeongpungsan),mountain,4.5,"전남 담양군 수북면 대방리 (Daebang -ri, Subang -myeon, Damyang -gun, Jeollanam -do)",0,24,35.12355,126.6702194,https://media-cdn.tripadvisor.com/media/photo-w/17/63/b4/6d/photo0jpg.jpg
종산 (Jongsan),mountain,4.5,"광주 광산구 광산동 (Gwangsan -gu, Gwangju -gu, Gwangju)",0,24,35.2596111,126.4855556,https://media-cdn.tripadvisor.com/media/photo-w/17/63/b4/6d/photo0jpg.jpg
무등산 (Mudeungsan),mountain,4.7,"광주 북구 금곡동 산 1-1 (1-1, Geumgok-dong, Buk-gu, Gwangju)",0,24,34.95923,126.92061,https://media-cdn.tripadvisor.com/media/photo-w/17/63/b4/6d/photo0jpg.jpg
용진산 (Yongjinsan),mountain,4.5,"광주 광산구 선동 산 69 (69 San -dong, Gwangju Mine -gu)",0,24,35.20722,126.7294757,https://media-cdn.tripadvisor.com/media/photo-w/17/63/b4/6d/photo0jpg.jpg
벌태산 (Beoltaesan Mountain),mountain,4.5,"광주 북구 장등동 (Jangdeung -dong, Buk -gu, Gwangju)",0,24,35.21227,126.9401,https://media-cdn.tripadvisor.com/media/photo-w/17/63/b4/6d/photo0jpg.jpg
노고지리산 (Nogojiri),mountain,4.5,"광주 북구 망월동 (Mangwol -dong, Buk -gu, Gwangju)",0,24,35.19658,126.94363,https://media-cdn.tripadvisor.com/media/photo-w/17/63/b4/6d/photo0jpg.jpg
사월산 (Sawwol),mountain,4.5,광주 서구 벽진동 산 17 (Mountain 17),0,24,35.0122278,128.3376972,https://media-cdn.tripadvisor.com/media/photo-w/17/63/b4/6d/photo0jpg.jpg
축령산 (Chukryeong Mountain),mountain,4.5,"전남 장성군 서삼면 추암리 산 24-24 (24-24, Chuam-ri, Seosam-myeon, Jangseong-gun, Jeollanam-do)",0,24,35.3709722,126.7260656,https://media-cdn.tripadvisor.com/media/photo-w/17/63/b4/6d/photo0jpg.jpg
뒷깍금산 (Back Kakgeumsan Mountain),mountain,4.5,"전남 담양군 봉산면 양지리 (Yangji -ri, Bongsan -myeon, Damyang -gun, Jeonnam)",0,24,35.25222,126.94267,https://media-cdn.tripadvisor.com/media/photo-w/17/63/b4/6d/photo0jpg.jpg
도론산 (Doron Mountain),mountain,4.5,"전남 장성군 동화면 월산리 (Wolsan -ri, Dong -sam -myeon, Jangseong -gun, Jeollanam -do)",0,24,35.2145,126.8531,https://media-cdn.tripadvisor.com/media/photo-w/17/63/b4/6d/photo0jpg.jpg
추월산 (Chuwol Mountain),mountain,4.8,"전남 담양군 용면 쌍태리 산 6 (San 6, Ssangtae -ri, Yongyang -gun, Jeonnam)",0,24,35.3999299,126.9760399,https://media-cdn.tripadvisor.com/media/photo-w/17/63/b4/6d/photo0jpg.jpg
서당산 (Seodangsan),mountain,4.5,"전남 담양군 고서면 주산리 (Jusan -ri, Goseo -myeon, Damyang -gun, Jeollanam -do)",0,24,34.5436972,126.5966778,https://media-cdn.tripadvisor.com/media/photo-w/17/63/b4/6d/photo0jpg.jpg
금당산 (Geumdangsan),mountain,4.3,"광주 남구 진월동 산 204 (San 204, Jinwol -dong, Nam -gu, Gwangju)",0,24,37.541073,128.414746,https://media-cdn.tripadvisor.com/media/photo-w/17/63/b4/6d/photo0jpg.jpg
짚봉산 (Jipbongsan),mountain,4.3,"광주 서구 풍암동 산 236-23 (San 236-23, Pungam-dong, Seo-gu, Gwangju)",0,24,35.13759,126.8841,https://media-cdn.tripadvisor.com/media/photo-w/17/63/b4/6d/photo0jpg.jpg
만연산 (Manyeonsan Mountain),mountain,4.2,"전남 화순군 화순읍 수만리 산 150 (150 Mountain, Hwasun -eup, Hwasun -gun, Jeollanam -do)",0,24,35.0931205,126.9927692,https://media-cdn.tripadvisor.com/media/photo-w/17/63/b4/6d/photo0jpg.jpg
불갑산 (Bulgapsan),mountain,4.2,"전남 함평군 해보면 금계리 산 50-1 (If you do Hampyeong-gun, Jeollanam-do, 50-1, Geumgye-ri)",0,24,35.0855644,126.0664523,https://media-cdn.tripadvisor.com/media/photo-w/17/63/b4/6d/photo0jpg.jpg
강천산 (Gangcheon Mountain),mountain,4.9,"전북 순창군 팔덕면 청계리 산 263-1 (263-1, Cheonggye-ri, Paldeok-myeon, Sunchang-gun, Jeonbuk)",0,24,35.40192,127.04838,https://media-cdn.tripadvisor.com/media/photo-w/17/63/b4/6d/photo0jpg.jpg
제석산 (Jeseoksan),mountain,4,"광주 남구 봉선동 (Bongseon -dong, Nam -gu, Gwangju)",0,24,34.9769472,128.6743556,https://media-cdn.tripadvisor.com/media/photo-w/17/63/b4/6d/photo0jpg.jpg
상월산 (Sangwolsan),mountain,4.5,"광주 북구 삼각동 (Samgak -dong, Buk -gu, Gwangju)",0,24,37.4936347,128.9789152,https://media-cdn.tripadvisor.com/media/photo-w/17/63/b4/6d/photo0jpg.jpg
까작골산 (Kakjakgolsan),mountain,4.5,"광주 광산구 선동 산 79 (79 San -dong, Gwangju Mine -gu)",0,24,35.2013194,126.7335306,https://media-cdn.tripadvisor.com/media/photo-w/17/63/b4/6d/photo0jpg.jpg
되미산 (Jumisan),mountain,4.5,"전남 담양군 고서면 원강리 (Wongang -ri, Goseo -myeon, Damyang -gun, Jeollanam -do)",0,24,35.2479,126.95224,https://media-cdn.tripadvisor.com/media/photo-w/17/63/b4/6d/photo0jpg.jpg
분적산 (bunjeogsan),mountain,4.5,"광주 남구 노대동 산 107 (San 107, Nodae -dong, Nam -gu, Gwangju)",0,24,35.0971333,126.921225,https://media-cdn.tripadvisor.com/media/photo-w/17/63/b4/6d/photo0jpg.jpg
내장산 (Naejangsan),mountain,4.4,"전북 순창군 복흥면 봉덕리 산 8-10 (8-10 Bongdeok-ri, Bokheung-myeon, Sunchang-gun, Jeonbuk)",0,24,35.4783324,126.8889872,https://media-cdn.tripadvisor.com/media/photo-w/17/63/b4/6d/photo0jpg.jpg
금성산 (Geumseongsan),mountain,4.5,"전남 나주시 노안면 금안리 산 32-2 (32-2, Geuman-ri, Noan-myeon, Naju-si, Jeollanam-do)",0,24,35.5169363,128.0370976,https://media-cdn.tripadvisor.com/media/photo-w/17/63/b4/6d/photo0jpg.jpg
안양산 (Anyangsan),mountain,4,"전남 화순군 화순읍 수만리 산 100-2 (100-2, Suman-ri, Hwasun-eup, Hwasun-gun, Jeollanam-do)",0,24,34.6985311,127.5914911,https://media-cdn.tripadvisor.com/media/photo-w/17/63/b4/6d/photo0jpg.jpg
지산 (Jisan),mountain,4.5,"광주 광산구 지산동 (Jisan -dong, Gwangju -gu, Gwangju)",0,24,35.8251867,128.6319028,https://media-cdn.tripadvisor.com/media/photo-w/17/63/b4/6d/photo0jpg.jpg
백마산 (Baekma Mountain),mountain,4.5,"광주 서구 매월동 367-9 (367-9, Maewol-dong, Seo-gu, Gwangju)",0,24,36.2171944,128.3077083,https://media-cdn.tripadvisor.com/media/photo-w/17/63/b4/6d/photo0jpg.jpg
개금산 (Gaegeumsan),mountain,4.5,"광주 서구 매월동 산 74 (74, Maewol -dong, Seo -gu, Gwangju)",0,24,35.1194611,126.8526306,https://media-cdn.tripadvisor.com/media/photo-w/17/63/b4/6d/photo0jpg.jpg
고비산 (Gobisan),mountain,4.5,"전남 담양군 금성면 봉황리 산 106-2 (San 106-2, Bonghwang-ri, Geumseong-myeon, Damyang-gun, Jeollanam-do)",0,24,34.8412472,127.0101111,https://media-cdn.tripadvisor.com/media/photo-w/17/63/b4/6d/photo0jpg.jpg
백암산 (Baekamsan),mountain,4.5,"전남 장성군 북하면 신성리 산 1-11 (1-11 Sinseong-ri, Buk-myeon, Jangseong-gun, Jeollanam-do)",0,24,35.4612586,126.8686324,https://media-cdn.tripadvisor.com/media/photo-w/17/63/b4/6d/photo0jpg.jpg
태청산 (Taecheongsan),mountain,4.5,"전남 영광군 대마면 남산리 산 37 (San 37, Namsan -ri, Daema -myeon, Yeonggwang -gun, Jeollanam -do)",0,24,35.27142,126.64019,https://media-cdn.tripadvisor.com/media/photo-w/17/63/b4/6d/photo0jpg.jpg
금강산 (Geumgangsan),mountain,5,"전남 장성군 동화면 남산리 (Namsan -ri, Dongwasi -myeon, Jangseong -gun, Jeollanam -do)",0,24,35.26065,126.71469,https://media-cdn.tripadvisor.com/media/photo-w/17/63/b4/6d/photo0jpg.jpg
남산 (Namsan),mountain,4.5,"전남 담양군 담양읍 남산리 산 1 (San 1, Namsan -ri, Damyang -eup, Damyang -gun, Jeonnam)",0,24,37.5524374,126.988433,https://media-cdn.tripadvisor.com/media/photo-w/17/63/b4/6d/photo0jpg.jpg
덕봉산 (Deokbongsan),mountain,4.5,"광주 북구 청풍동 산 148 (148, Cheongpung -dong, Buk -gu, Gwangju)",0,24,36.7138559,126.8819326,https://media-cdn.tripadvisor.com/media/photo-w/17/63/b4/6d/photo0jpg.jpg
자연드림 광주월계점 (Natural Dream Gwangju Laurel),supermarket,5,"광주 광산구 첨단중앙로170번길 20 1층 (쌍암동) (20th floor (Ssangam -dong), 200beon -gil, Gwangsan -gu, Gwangsan -gu, Gwangsan -gu)",9,22,35.2044,126.8783,https://media-cdn.tripadvisor.com/media/photo-w/17/63/b4/6d/photo0jpg.jpg
다담식자재마트 첨단점 (Dadam -style Mart Mart Advanced Store),supermarket,4.5,"광주 광산구 임방울대로825번길 21-10 (쌍암동) (21-10 (Ssangam-dong), 825beon-gil, Imbang-daero, Gwangju-gu, Gwangju-gu (Ssangam-dong))",8,23,35.2199,126.849,https://media-cdn.tripadvisor.com/media/photo-w/17/63/b4/6d/photo0jpg.jpg
빅푸드식자재 (Big food),supermarket,3.5,광주 광산구 첨단과기로 93-13 (비아동) (93-13 (Viadong)),9,21,35.217,126.8475,https://media-cdn.tripadvisor.com/media/photo-w/17/63/b4/6d/photo0jpg.jpg
자연에식자재마트 (Nature's Ingredients Mart),supermarket,4,"광주 광산구 임방울대로825번길 22-52 (쌍암동) (22-52 (Ssangam-dong), 825beon-gil, Imbang-daero, Gwangju-gu, Gwangju-gu (Ssangam-dong))",9,21,35.2092,126.8456,https://media-cdn.tripadvisor.com/media/photo-w/17/63/b4/6d/photo0jpg.jpg
광주비아농협하나로마트 비아점 (Gwangju Via Nonghyup Hanaro Mart Via Branch),supermarket,3,"광주 광산구 비아중앙로 36 (비아동) (36, Bia Jungang -ro, Gwangsan -gu, Gwangju (Via -dong))",9,19,35.2302,126.8498,https://media-cdn.tripadvisor.com/media/photo-w/17/63/b4/6d/photo0jpg.jpg
일신마트 (Ilshin Mart),supermarket,3.7,"광주 광산구 첨단중앙로181번길 42-14 (월계동) (42-14, 181beon-gil, Gwangsan-gu, Gwangju-gu (Wolgye-dong))",9,21,35.2211122,126.8363863,https://media-cdn.tripadvisor.com/media/photo-w/17/63/b4/6d/photo0jpg.jpg
코코식자재마트 LC타워점 (Coco Ingredients Mart LC Tower Branch),supermarket,3.6,"광주 광산구 첨단중앙로 105 (월계동) (105, Jungang -ro, Gwangsan -gu, Gwangju -gu (Wolgye -dong))",9,21,35.2037,126.8451,https://media-cdn.tripadvisor.com/media/photo-w/17/63/b4/6d/photo0jpg.jpg
벽산한우전문점 (Byucksan Hanwoo specialty store),supermarket,3.7,"광주 광산구 첨단중앙로181번길 16 (월계동) (161beon -gil, Gwangsan -gu, Gwangju -gu 16 (Wolgye -dong))",9,21,35.206,126.8514,https://media-cdn.tripadvisor.com/media/photo-w/17/63/b4/6d/photo0jpg.jpg
FM마트 첨단점 (FM Mart Advanced Store),supermarket,4,"광주 광산구 월계로 117-32 1층 (월계동) (1st floor (Wolgye-dong), 117-32, Wolgye-ro, Gwangsan-gu)",9,21,35.2053,126.8539,https://media-cdn.tripadvisor.com/media/photo-w/17/63/b4/6d/photo0jpg.jpg
찬해영암마트 첨단점 (Chan Hae -young Mart Advanced Store),supermarket,3.7,"광주 광산구 첨단중앙로181번길 48 1층 105호 (월계동) (105, 1F, 48, 181beon -gil, Gwangju -gu, Gwangju -gu, 105 (Wolgye -dong))",9,21,35.2042,126.8512,https://media-cdn.tripadvisor.com/media/photo-w/17/63/b4/6d/photo0jpg.jpg
선경그린마트 (Sunkyung Green Mart),supermarket,3.7,"광주 광산구 첨단중앙로181번길 42-25 (월계동) (42-25, 181beon-gil, Gwangju-gu, Gwangju-gu (Wolgye-dong))",9,21,35.2047,126.8493,https://media-cdn.tripadvisor.com/media/photo-w/17/63/b4/6d/photo0jpg.jpg
이레식자재도매마트 첨단점 (Iregimja Jae -Mart Mart Advanced Store),supermarket,4,"광주 광산구 월계로 193 (월계동) (193 Wolgye -ro, Gwangsan -gu, Gwangju (Wolgye -dong))",9,21,35.2061,126.851,https://media-cdn.tripadvisor.com/media/photo-w/17/63/b4/6d/photo0jpg.jpg
한마음공동체 첨단선경점 (Hanmaeum Community Advanced State),supermarket,3.7,"광주 광산구 첨단중앙로181번길 42-25 (월계동) (42-25, 181beon-gil, Gwangju-gu, Gwangju-gu (Wolgye-dong))",9,21,35.2047,126.8489,https://media-cdn.tripadvisor.com/media/photo-w/17/63/b4/6d/photo0jpg.jpg
대원마트 (Daewon Mart),supermarket,3.7,"광주 북구 삼소로 133-22 (대촌동) (133-22, Samsoro, Buk-gu, Gwangju (Daechon-dong))",9,21,37.3877126,126.9667554,https://media-cdn.tripadvisor.com/media/photo-w/17/63/b4/6d/photo0jpg.jpg
오션스파매점 (Ocean span store),supermarket,3.7,"광주 광산구 월계로 203 (월계동) (203 Wolgye -ro, Gwangsan -gu, Gwangju (Wolgye -dong))",9,21,35.1604,126.8505,https://media-cdn.tripadvisor.com/media/photo-w/17/63/b4/6d/photo0jpg.jpg
햇살마트 (Sunshine),supermarket,5,"광주 광산구 첨단중앙로181번길 104 건영아파트 상가동 103호,104호,106호 (월계동) (103, 104, 106 (Wolgye -dong))",9,21,35.1988333,126.8754325,https://media-cdn.tripadvisor.com/media/photo-w/17/63/b4/6d/photo0jpg.jpg
북광주농협 하나로마트로컬푸드직매장 (Bukgwangju Agricultural Cooperative Hana Romat Local Food Store),supermarket,3.4,"광주 북구 하서로 563 (본촌동) (563, Haseo -ro, Buk -gu, Gwangju (Bonchon -dong))",9,21,35.1802,126.8771,https://media-cdn.tripadvisor.com/media/photo-w/17/63/b4/6d/photo0jpg.jpg
하나편의점 (Hana convenience store),supermarket,3.7,"광주 광산구 임방울대로 784 (월계동) (784 (Wolgye -dong), Imbulul -daero, Gwangsan -gu, Gwangju -gu (Wolgye -dong))",9,21,35.1602,126.8499,https://media-cdn.tripadvisor.com/media/photo-w/17/63/b4/6d/photo0jpg.jpg
마운틴마트 엘씨타워점 (Mountain Mart El C Tower),supermarket,3.7,"광주 광산구 월계로 169 (월계동) (169 Wolgye -ro, Gwangsan -gu, Gwangju (Wolgye -dong))",9,21,35.2067,126.846,https://media-cdn.tripadvisor.com/media/photo-w/17/63/b4/6d/photo0jpg.jpg
스팟마트 삼성광주전자3점 (Spot Mart Samsung Gwangju Electronics 3 points),supermarket,3.7,광주 북구 앰코로 70 (오룡동) (Gwangju Buk -gu Amkoro 70 (Oryong -dong)),9,21,35.1735,126.8372,https://media-cdn.tripadvisor.com/media/photo-w/17/63/b4/6d/photo0jpg.jpg
하나로할인마트 (One -sided discount mart),supermarket,3.7,광주 광산구 첨단내촌로 102 (월계동) (102 (Wolgye -dong)),9,21,34.794686,126.379085,https://media-cdn.tripadvisor.com/media/photo-w/17/63/b4/6d/photo0jpg.jpg
남양마트 (Namyang Mart),supermarket,3.7,"광주 광산구 월계동 765-6 남양아파트 상가 1층 101호 (765-6 Wolgye-dong, Gwangju-gu, Gwangju, 101)",9,21,35.2136873,126.8408664,https://media-cdn.tripadvisor.com/media/photo-w/17/63/b4/6d/photo0jpg.jpg
홈마트 (Home mart),supermarket,3.7,"광주 광산구 첨단중앙로181번길 88-16 (월계동) (88-16, 181beon-gil, Gwangsan-gu, Gwangju-gu (Wolgye-dong))",9,21,37.5768383,126.9306265,https://media-cdn.tripadvisor.com/media/photo-w/17/63/b4/6d/photo0jpg.jpg
별마트 첨단대우점 (Byeol Mart Cheomdam Daewoo Store),supermarket,3.7,광주 광산구 첨단중앙로181번길 88-21 대우상가 108호 (월계동) (88-21 Daewoo Shopping Center No. 108 (Wolgye-dong)),9,21,35.2008,126.8456,https://media-cdn.tripadvisor.com/media/photo-w/17/63/b4/6d/photo0jpg.jpg
와이마트 첨단호반점 (Y Mart Advanced Lakeside),supermarket,3.7,"광주 광산구 월계로 59 (월계동) (59 Wolgye -ro, Gwangsan -gu, Gwangju (Wolgye -dong))",9,21,35.2024,126.8481,https://media-cdn.tripadvisor.com/media/photo-w/17/63/b4/6d/photo0jpg.jpg
늘푸름마켓 (Evergreen Market),supermarket,3.7,"광주 광산구 월계로 207 (월계동) (207 Wolgye -ro, Gwangsan -gu, Gwangju (Wolgye -dong))",9,21,35.2017,126.8462,https://media-cdn.tripadvisor.com/media/photo-w/17/63/b4/6d/photo0jpg.jpg
SM마트 첨단산월점 (SM Mart Advanced Mountain Wall Branch),supermarket,1,"광주 광산구 첨단중앙로68번길 99 (산월동) (99, 68beon -gil, Gwangsan -gu, Gwangju -gu (Sanwol -dong))",9,21,35.2083,126.8487,https://media-cdn.tripadvisor.com/media/photo-w/17/63/b4/6d/photo0jpg.jpg
하모니마트 (Harmony Mart),supermarket,3.7,"광주 광산구 비아로 185 (비아동) (185 Viaro, Gwangju -gu, Gwangju (Via -dong))",9,21,37.5512126,127.1741582,https://media-cdn.tripadvisor.com/media/photo-w/17/63/b4/6d/photo0jpg.jpg
올리브플레이스 첨단점 (Olive Place Advanced Store),supermarket,3.7,"광주 광산구 첨단내촌로70번길 55 1층 101호 (월계동) (101, 55, 70beon -gil, Gwangju -gu, Gwangju -gu, 101 (Wolgye -dong))",9,21,35.2073,126.8499,https://media-cdn.tripadvisor.com/media/photo-w/17/63/b4/6d/photo0jpg.jpg
자연드림 광주신용점 (Natural Dream Gwangju Credit Store),supermarket,4,"광주 북구 첨단연신로107번길 41 (신용동) (41, 107beon -gil, Buk -gu, Gwangju (Shin Yong -dong))",9,21,35.2131,126.8492,https://media-cdn.tripadvisor.com/media/photo-w/17/63/b4/6d/photo0jpg.jpg
엘씨마트 (LC Mart),supermarket,3.7,"광주 광산구 첨단중앙로 96 (월계동) (96, Jungang -ro, Gwangsan -gu, Gwangju -gu (Wolgye -dong))",9,21,35.207,126.846,https://media-cdn.tripadvisor.com/media/photo-w/17/63/b4/6d/photo0jpg.jpg
광주비아농협하나로마트 본점 (Gwangju Via Nonghyup Hanaro Mart Headquarters),supermarket,3.3,"광주 광산구 장신로 153 (수완동) (153, Mine -gu, Gwangju -gu, Gwangju -gu (Suwan -dong))",9,21,35.2272,126.8501,https://media-cdn.tripadvisor.com/media/photo-w/17/63/b4/6d/photo0jpg.jpg
후레쉬마트 (Fresh Mart),supermarket,3.7,"광주 광산구 첨단중앙로 102 (월계동) (102, Jungang -ro, Gwangsan -gu, Gwangju (Wolgye -dong))",9,21,34.73825,127.645903,https://media-cdn.tripadvisor.com/media/photo-w/17/63/b4/6d/photo0jpg.jpg
자연뜰 (Natural garden),supermarket,3.7,"광주 광산구 첨단내촌로 101 상가동 1층 101호 (월계동) (101, 1st floor, Sanggae -dong, 101, Gwangju -gu, Gwangju -gu, 101 (Wolgye -dong))",9,21,36.8038686,126.471599446607,https://media-cdn.tripadvisor.com/media/photo-w/17/63/b4/6d/photo0jpg.jpg
롯데슈퍼프레시 광주연제점 (Lotte Super Fresh Gwangju Yeonje Branch),supermarket,2,"광주 북구 양일로 64 1층 (연제동) (1st floor, 64, Yangil -ro, Buk -gu, Gwangju (Yeonje -dong))",9,21,35.1565,126.8905,https://media-cdn.tripadvisor.com/media/photo-w/17/63/b4/6d/photo0jpg.jpg
PC홈마트 (PC Home Mart),supermarket,3.7,광주 광산구 첨단내촌로70번길 108 (월계동) (108 (Wolgye -dong)),9,21,37.5768383,126.9306265,https://media-cdn.tripadvisor.com/media/photo-w/17/63/b4/6d/photo0jpg.jpg
초록마을 광주첨단2지구점 (Green Village Gwangju Advanced District 2 District),supermarket,3.7,"광주 북구 첨단연신로108번길 152 1층 101호 (신용동) (No. 101, 1st floor, 152, 108beon -gil, Buk -gu, Gwangju)",10,20,35.2087,126.8438,https://media-cdn.tripadvisor.com/media/photo-w/17/63/b4/6d/photo0jpg.jpg
에스마트 부국점 (Esmart rich),supermarket,3.7,"광주 광산구 비아동원촌길 19-30 (비아동) (19-30, Dongwonchon-gil, Gwangsan-gu, Gwangju-gu (Via-dong))",9,21,35.2021,126.8467,https://media-cdn.tripadvisor.com/media/photo-w/17/63/b4/6d/photo0jpg.jpg
슈퍼데이365마트 첨단점 (Super Day 365 Mart Advanced Store),supermarket,3.7,"광주 광산구 산월로 80 1층 (산월동) (1st floor, Sanwol -ro, Gwangsan -gu, Gwangju -gu (Sanwol -dong))",9,21,35.2043,126.8492,https://media-cdn.tripadvisor.com/media/photo-w/17/63/b4/6d/photo0jpg.jpg
월드할인마트 첨단점 (World Discount Mart Advanced Store),supermarket,3.7,광주 광산구 첨단중앙로67번길 78 (월계동) (78 (Wolgye -dong)),9,21,35.2064,126.8463,https://media-cdn.tripadvisor.com/media/photo-w/17/63/b4/6d/photo0jpg.jpg
자연드림 광주양산점 (Natural Dream Gwangju Yangsan Branch),supermarket,3.7,"광주 북구 양산로 61 1층 (양산동) (1st floor 61, Yangsan -ro, Buk -gu, Gwangju (Yangsan -dong))",9,22,35.1957,126.8638,https://media-cdn.tripadvisor.com/media/photo-w/17/63/b4/6d/photo0jpg.jpg
파워식자재마트 양산점 (Power -type material mart mass production store),supermarket,1,"광주 북구 연양로 60 (양산동) (60 Yeonyang -ro, Buk -gu, Gwangju (Yangsan -dong))",9,21,35.1953,126.8641,https://media-cdn.tripadvisor.com/media/photo-w/17/63/b4/6d/photo0jpg.jpg
영암마트 (Yeongam Mart),supermarket,3.7,"광주 북구 첨단연신로 219 (신용동) (219, Yeon Shin -ro, Buk -gu, Gwangju (Shin -dong))",9,21,34.80328525,126.382470082706,https://media-cdn.tripadvisor.com/media/photo-w/17/63/b4/6d/photo0jpg.jpg
비타민마트 (Bitamin mart),supermarket,3.7,"광주 광산구 비아로 177-3 (비아동) (177-3 Viaro, Gwangsan-gu, Gwangju (Viadong))",9,21,35.1584,126.8451,https://media-cdn.tripadvisor.com/media/photo-w/17/63/b4/6d/photo0jpg.jpg
첨단도서관 매점 (Advanced Library),supermarket,3.7,광주 광산구 임방울대로 673-12 (월계동) (673-12 (Wolgye-dong)),9,21,35.2048,126.8497,https://media-cdn.tripadvisor.com/media/photo-w/17/63/b4/6d/photo0jpg.jpg
SM마트 신창점 (SM Mart Shinchang Branch),supermarket,3.8,"광주 광산구 왕버들로251번길 24 (신창동) (Gwangju Gwangsan -gu, Wangbwin -ro 251beon -gil 24 (Sinchang -dong))",9,21,35.1881,126.8192,https://media-cdn.tripadvisor.com/media/photo-w/17/63/b4/6d/photo0jpg.jpg
초록마을 광주신창점 (Green Village Gwangju Sinchang Branch),supermarket,3.7,"광주 광산구 왕버들로251번길 27 호반 5차 베르디움 상가 1동108호 (신창동) (Gwangju Gwangsan -gu Wangbirds 251beon -gil, No. 27, 5th Verdium Shopping Street 1 -dong 108 (Sinchang -dong))",10,21,35.1885,126.8197,https://media-cdn.tripadvisor.com/media/photo-w/17/63/b4/6d/photo0jpg.jpg
유마트 (Yumart),supermarket,3.7,"광주 광산구 비아로12번길 22 (비아동) (22beon -gil, Gwangsan -gu, Gwangju, 22 (Via -dong))",9,21,37.4900969,127.1444242,https://media-cdn.tripadvisor.com/media/photo-w/17/63/b4/6d/photo0jpg.jpg
롯데슈퍼프레시 광주수완점 (Lotte Super Fresh Gwangju Suwan Store),supermarket,3.7,"광주 광산구 수완로49번길 32 (수완동) (32, Suwan -ro 49beon -gil, Gwangju -gu, Gwangju -gu (Suwan -dong))",10,23,35.1983,126.8476,https://media-cdn.tripadvisor.com/media/photo-w/17/63/b4/6d/photo0jpg.jpg
코스코마트 (Kosko Mart),supermarket,3.7,"광주 광산구 첨단내촌로35번길 1 (월계동) (Gwangju Gwangsan -gu, Gwangsan -gu, Gwangsan -gu, Nachon -ro 35beon -gil (Wolgye -dong))",9,21,37.606051,126.9667061,https://media-cdn.tripadvisor.com/media/photo-w/17/63/b4/6d/photo0jpg.jpg
아람식자재마트 신용점 (Aram Food Ingredients Mart Shinyeon branch),supermarket,3.7,"광주 북구 첨단연신로107번길 16 (신용동) (16, Buk -gu, Gwangju, 16th Yeon -ro 107beon -gil)",9,21,35.2117,126.8482,https://media-cdn.tripadvisor.com/media/photo-w/17/63/b4/6d/photo0jpg.jpg
알타이 (Altai),supermarket,3.7,"광주 광산구 월계로 193 (월계동) (193 Wolgye -ro, Gwangsan -gu, Gwangju (Wolgye -dong))",9,21,52.6932243,82.6931424,https://media-cdn.tripadvisor.com/media/photo-w/17/63/b4/6d/photo0jpg.jpg
홈마트 비아점 (Home Mart Via),supermarket,3.7,"광주 광산구 비아안길 70-17 (비아동) (70-17 Via An-gil, Gwangsan-gu, Gwangju (Via-dong))",9,21,35.229,126.8495,https://media-cdn.tripadvisor.com/media/photo-w/17/63/b4/6d/photo0jpg.jpg
영암마트 용두점 (Yeongam Mart Yongdu Branch),supermarket,2,광주 북구 임방울대로 1038 (용두동) (1038 (Yongdu -dong)),9,21,35.1705,126.8379,https://media-cdn.tripadvisor.com/media/photo-w/17/63/b4/6d/photo0jpg.jpg
초록마을 광주양산점 (Chorok Maeul Gwangju Yangsan Branch),supermarket,3.7,"광주 북구 양산로 10 102호 (양산동) (102, Yangsan -ro, Buk -gu, Gwangju (Yangsan -dong))",9,21,35.1967,126.8607,https://media-cdn.tripadvisor.com/media/photo-w/17/63/b4/6d/photo0jpg.jpg
굿모닝도매마트 (Good Morning Wholesale Mart),supermarket,3.7,"광주 광산구 비아안길 114-5 (비아동) (114-5 Via An-gil, Gwangsan-gu, Gwangju (Via-dong))",9,21,35.1998,126.8498,https://media-cdn.tripadvisor.com/media/photo-w/17/63/b4/6d/photo0jpg.jpg
광주광역시 예술의전당 (Gwangju Arts Center),cultural_site,4.5,"광주 북구 북문대로 60 (운암동) (60, Bukmun -daero, Buk -gu, Gwangju (Unam -dong))",10,18,35.175893,126.880066,https://media-cdn.tripadvisor.com/media/photo-w/17/63/b4/6d/photo0jpg.jpg
중외공원 (Sino -Sino Park),cultural_site,4.4,"광주 북구 운암동 산 35-6 (35-6, Unam-dong, Buk-gu, Gwangju)",0,24,35.18024885,126.883452628471,https://media-cdn.tripadvisor.com/media/photo-w/17/63/b4/6d/photo0jpg.jpg
국립아시아문화전당 (National Asian Culture Complex),cultural_site,4.9,"광주 동구 문화전당로 38 (광산동) (38, Dong -gu Culture Center in Gwangju (Gwangsan -dong))",10,18,35.1472479,126.920773207904,https://media-cdn.tripadvisor.com/media/photo-w/17/63/b4/6d/photo0jpg.jpg
영산강문화관 (Yeongsan River Cultural Center),cultural_site,3.7,"광주 남구 승촌보길 90 (승촌동) (90 Seungchon Bogil, Nam -gu, Gwangju (Seungchon -dong))",9,18,35.1609,126.8499,https://media-cdn.tripadvisor.com/media/photo-w/17/63/b4/6d/photo0jpg.jpg
